feature,importance
round,0.003719465401376079
raceName_encoded,0.0040323473260875965
Q2_seconds,0.004629068126546261
Q3_seconds,0.005590085262300381
BestQualiTime,0.005657636966191609
Q1_seconds,0.006041937757402479
Constructor_encoded,0.008052028402837608
year,0.019660652188414934
GridPosition,0.03468164740007851
laps,0.0945559439706459
PositionsGained,0.3481315925060528
Points,0.4652475946920658
