feature,importance
raceName_encoded,0.006270337416898942
round,0.006299753292000543
BestQualiTime,0.008084767489789127
Q2_seconds,0.009621910885863817
Q1_seconds,0.010550022633935468
Constructor_encoded,0.010986467432450745
Q3_seconds,0.011103043037401734
laps,0.011300134803259884
year,0.03674591790761472
Points,0.26252509197467916
GridPosition,0.30281403786265343
PositionsGained,0.3236985152634525
