feature,importance
raceName_encoded,0.003019400048379145
round,0.0031417098550428945
Q3_seconds,0.004763103274930501
Q2_seconds,0.005336211866905072
Q1_seconds,0.005745665313018405
BestQualiTime,0.005822226804542741
laps,0.014719784812302506
Constructor_encoded,0.01576685787983665
year,0.056687306319693195
PositionsGained,0.15036948372158004
GridPosition,0.182480038837984
Points,0.5521482112657848
