feature,importance
raceName_encoded,0.002214871596913242
round,0.0031593107220785435
Q1_seconds,0.0041913869739659635
BestQualiTime,0.004509087910957462
Q3_seconds,0.004634959035473336
Q2_seconds,0.005191247319916535
Constructor_encoded,0.01928138988450297
laps,0.02255579725414418
year,0.05219626971049292
GridPosition,0.1486729260789334
PositionsGained,0.22532636258490166
Points,0.5080663909277198
