feature,importance
raceName_encoded,0.006270337416898942
round,0.006299753292000542
BestQualiTime,0.008084767489789124
Q2_seconds,0.009621910885863812
Q1_seconds,0.010550022633935459
Constructor_encoded,0.010986467432450743
Q3_seconds,0.011103043037401734
laps,0.011300134803259882
year,0.036745917907614715
Points,0.2625250919746791
GridPosition,0.3028140378626534
PositionsGained,0.3236985152634525
