feature,importance
round,0.0013447099924471487
raceName_encoded,0.0018057516887326254
Constructor_encoded,0.0031297054334168744
year,0.0031359968675209503
Q2_seconds,0.003333112880951194
Q3_seconds,0.003343614072446263
BestQualiTime,0.0033980410702517524
Q1_seconds,0.003965161144087673
laps,0.015438752683500284
GridPosition,0.06134526122493709
Points,0.08579685788216306
PositionsGained,0.813963035059545
