feature,importance
round,0.0013227814698861112
raceName_encoded,0.001702409845335094
year,0.0019911744068071024
BestQualiTime,0.003547396664259255
Q1_seconds,0.00371203774640656
Q3_seconds,0.003941987170505238
Q2_seconds,0.004063298060753722
laps,0.010902859865658485
Constructor_encoded,0.02081826116013174
PositionsGained,0.10847106866427124
GridPosition,0.16152364719843712
Points,0.6780030777475484
