feature,importance
round,0.0037233006673783485
raceName_encoded,0.0038032119410135305
Q2_seconds,0.0054755128442138855
Q3_seconds,0.006275337309997637
Q1_seconds,0.006488617240626449
BestQualiTime,0.006723598899911934
laps,0.006903038142237523
Constructor_encoded,0.013124049970284286
year,0.03394057043678673
PositionsGained,0.11638956189422599
GridPosition,0.18265559824671743
Points,0.6144976024066064
