feature,importance
year,0.0011142770694076544
round,0.0018965904748772385
raceName_encoded,0.002246199351514193
Q2_seconds,0.0029415303791314215
Q1_seconds,0.0030230147937275005
Q3_seconds,0.003819228270111867
BestQualiTime,0.004154892196627067
Constructor_encoded,0.0053680128917482405
GridPosition,0.03699859908141794
laps,0.07895096727495403
PositionsGained,0.33146311245584875
Points,0.5280235757606341
