feature,importance
raceName_encoded,0.0014222368025844873
round,0.0016165460679818543
Q2_seconds,0.0023120695144959696
laps,0.002628685389548399
BestQualiTime,0.0030415480819151394
Q1_seconds,0.003076317485737472
Q3_seconds,0.0032938673559638433
year,0.00934651416129911
Constructor_encoded,0.014183848224807937
PositionsGained,0.07020512904608937
Points,0.13103933810418228
GridPosition,0.7578338997653941
