feature,importance
year,0.0021576227830769354
round,0.0027895717510831265
raceName_encoded,0.0033817939139356885
Q2_seconds,0.004151716628873879
BestQualiTime,0.004302442393137066
Q3_seconds,0.004892548024058941
Constructor_encoded,0.00490224876056736
Q1_seconds,0.005447989609448089
laps,0.011983467656194756
GridPosition,0.06086437844709998
Points,0.08374664681091515
PositionsGained,0.811379573221609
