feature,importance
round,0.0037233006673783498
raceName_encoded,0.00380321194101353
Q2_seconds,0.005475512844213887
Q3_seconds,0.006275337309997636
Q1_seconds,0.006488617240626445
BestQualiTime,0.006723598899911933
laps,0.0069030381422375215
Constructor_encoded,0.013124049970284284
year,0.03394057043678674
PositionsGained,0.11638956189422599
GridPosition,0.18265559824671743
Points,0.6144976024066064
