feature,importance
raceName_encoded,0.0022212496212380144
round,0.003163171690638856
Q1_seconds,0.004191419608190316
BestQualiTime,0.004509109633709772
Q3_seconds,0.004659472932506472
Q2_seconds,0.00519698961776434
Constructor_encoded,0.019281479053807327
laps,0.022539974265605955
year,0.05220266000121925
GridPosition,0.14867225243919013
PositionsGained,0.2253028448667852
Points,0.5080593762693444
