feature,importance
raceName_encoded,0.00257812280423312
round,0.0027617785550622343
Q2_seconds,0.003543152063688795
Q3_seconds,0.003552403914561985
laps,0.00460431505949803
BestQualiTime,0.004728398725835686
year,0.004860900963829413
Q1_seconds,0.005004717118500726
Constructor_encoded,0.022220876104375627
PositionsGained,0.07632798776154706
Points,0.16384882447020652
GridPosition,0.7059685224586609
