feature,importance
raceName_encoded,0.001422236802584487
round,0.0016165460679818545
Q2_seconds,0.00231206951449597
laps,0.002628685389548397
BestQualiTime,0.003041548081915138
Q1_seconds,0.0030763174857374727
Q3_seconds,0.003293867355963844
year,0.009346514161299111
Constructor_encoded,0.014183848224807944
PositionsGained,0.07020512904608937
Points,0.13103933810418228
GridPosition,0.7578338997653943
