feature,importance
raceName_encoded,0.0042193259597199245
year,0.004238812477540586
round,0.004678629699123223
laps,0.006868703887249196
Q3_seconds,0.008391920298591525
Q2_seconds,0.008401501643492106
Q1_seconds,0.010750948906836949
BestQualiTime,0.01186112111557303
Constructor_encoded,0.013347731373749375
GridPosition,0.3019542721322155
Points,0.31180193014922847
PositionsGained,0.3134851023566801
