feature,importance
raceName_encoded,0.0020453805212151707
round,0.0024641754832975963
year,0.0026297682483726955
Q3_seconds,0.0033137550208300693
Q1_seconds,0.0035819449471433612
BestQualiTime,0.003951643008762607
Q2_seconds,0.003996533145770848
laps,0.01755052585452194
Constructor_encoded,0.02173580476893225
GridPosition,0.12243190076001698
PositionsGained,0.1864986979155264
Points,0.62979987032561
