feature,importance
round,0.0037322655327355963
raceName_encoded,0.00401942780154149
Q2_seconds,0.004629039409445798
Q3_seconds,0.005590074146547996
BestQualiTime,0.00565763696619161
Q1_seconds,0.006041880404101836
Constructor_encoded,0.008058528337458282
year,0.019660465658922495
GridPosition,0.034681463811068555
laps,0.09455356752388645
PositionsGained,0.34812948243873726
Points,0.4652461679693627
