feature,importance
raceName_encoded,0.0030194000483791464
round,0.003141709855042896
Q3_seconds,0.004763103274930502
Q2_seconds,0.005336211866905072
Q1_seconds,0.005745665313018405
BestQualiTime,0.00582222680454274
laps,0.01471978481230251
Constructor_encoded,0.015766857879836654
year,0.0566873063196932
PositionsGained,0.15036948372158007
GridPosition,0.18248003883798403
Points,0.5521482112657848
