feature,importance
Points,0.7338374011719887
GridPosition,0.1777198846866071
PositionsGained,0.07275038138388991
Constructor_encoded,0.012784201625207062
raceName_encoded,0.0029081311323071513
