feature,importance
Points,0.7126894733627297
GridPosition,0.14306776024878912
PositionsGained,0.09331447022919023
Constructor_encoded,0.01934606223826456
Q2_seconds,0.006238373689169252
Q3_seconds,0.005376542411402864
Q1_seconds,0.004788528872948601
laps,0.004430282487919882
BestQualiTime,0.004195282838525884
raceName_encoded,0.0025582233132984077
year,0.0023954908836074243
round,0.0015995094241542393
